alert_id,creator_user_id,title,entry_date_time,event_date_time,description,latitude,longitude,location_description,num_affirmatives,num_responses,cluster,prob_true_random_forrest
d6114146-192e-410a-9513-2c9c71736832,8cf9ef37-5c0f-4d8b-aa89-44bbe26e5ac0,Assault in busy market,2025-01-27 17:14:45.468211,2025-01-05 12:53:04.960805,A resident reported an attempted break-in through the back door.,30.037186,31.221344,Cairo,3,19,0,0.3834837830187208
da87c183-aef2-4ed2-8623-056b34d071fe,a8e3aa27-1829-4aeb-aef7-b0b283a97f75,Illegal drug activity,2025-01-25 13:22:07.854068,2024-09-30 21:22:38.399233,A resident reported an attempted break-in through the back door.,30.062123,31.257263,Cairo,31,35,1,0.8277978886474325
e364c45e-08a5-4d91-b8d3-1e0fc8f93696,f5698696-3c64-4b3a-8eec-b528b293f9b8,Home burglary attempt,2025-01-29 15:39:06.166261,2025-01-18 00:28:29.560473,Eyewitness reports seeing a person breaking into a store and taking cash.,30.059548,31.212546,Cairo,50,50,2,0.8499615596735407
cf55cf93-68f8-4eee-a4fb-fd6deacabd16,e0ace32f-0368-44c2-8998-132dcd84cfce,Home burglary attempt,2025-01-22 17:03:13.394264,2024-09-24 01:26:08.955150,A fraudulent transaction was detected at a major bank branch.,30.058783,31.217377,Cairo,39,44,3,0.8420142984607045
5152ca9b-d2fb-4b8e-ad38-bc24105e9258,32e364c5-b4cd-4ebb-8d8b-38646ce65812,ATM skimming device found,2025-01-24 18:48:03.441404,2025-01-01 00:43:05.145341,Family members report a missing individual last seen near downtown.,30.054465,31.251026,Cairo,6,11,1,0.6259378283166047
7bda123c-c78a-487c-b7c9-91be46450fb0,0d678012-8b47-43a6-8b67-7c4d38cc44e0,ATM skimming device found,2025-01-01 19:45:51.007222,2024-09-03 02:27:24.017986,An ATM skimming device was found attached to a machine in a busy financial district.,30.064551,31.240387,Cairo,21,34,4,0.6625242060964831
66f068e1-5769-4fc8-b8b0-f084a5805899,6268b6d5-b02e-4a51-b494-4a7303b6a30b,ATM skimming device found,2025-01-10 18:34:18.019906,2024-07-14 08:36:41.834913,A suspicious individual was seen hanging around the children's playground for an extended period.,30.045176,31.216952,Cairo,31,51,0,0.6863598911065352
61a01e37-4d6b-4a2f-9367-0a11a1ff47b5,64011d08-41c7-432a-8505-a8b1c61f569f,Violent altercation in public,2025-01-26 02:52:06.787196,2024-12-09 23:54:22.597558,Gunshots were reported in the area; authorities are investigating.,30.058426,31.222742,Cairo,50,66,5,0.7758679130907771
fecc775f-7715-47fd-8d12-989472d2fe8d,268c848c-ef3d-4937-8c3c-834174ebd523,Assault in busy market,2025-01-23 17:50:33.786699,2024-07-09 21:02:55.008935,A suspicious individual was seen hanging around the children's playground for an extended period.,30.052201,31.262457,Cairo,24,33,1,0.6653624249105166
31aceb81-c4a0-49cb-93ed-793b4a2cb96c,24eb130b-8e00-4d55-a710-e834dd400cfb,Pickpocket incident in subway,2025-01-18 11:48:35.819483,2024-06-03 08:51:22.058524,An ATM skimming device was found attached to a machine in a busy financial district.,30.059956,31.212528,Cairo,17,19,2,0.8323023212923962
7587fd08-f78c-44bb-9fc7-fbda72d2c45b,4d8d95d7-4262-42c5-a99a-8f19c90fcf2a,Robbery at local store,2025-01-07 02:43:31.834951,2024-09-09 13:48:06.050025,An ATM skimming device was found attached to a machine in a busy financial district.,30.048016,31.24025,Cairo,3,14,6,0.4857469926463064
f171e780-4b2c-4a96-a9e4-d8556205af83,81b34d42-c339-46b0-b796-c1bee346fe54,ATM skimming device found,2025-01-18 21:00:24.576704,2024-11-30 01:18:11.465463,Authorities suspect illegal drug trade in an abandoned building.,30.052942,31.210095,Cairo,16,21,2,0.7184949225861459
24b26b76-3518-4f8c-9e9a-2e5a68653388,64b39bbc-e5f5-4684-ad7b-06256a5fdf97,Suspicious activity near park,2025-01-21 04:44:10.881978,2024-12-20 07:53:25.886536,A suspicious vehicle has been seen parked in the same location for hours.,30.060586,31.24568,Cairo,37,48,7,0.756643032615345
7027e124-8476-4bf4-ba6c-91a957b81295,06312505-77cb-4b52-b230-e7fc4ce91b7c,Assault in busy market,2025-01-13 00:21:30.922281,2024-07-27 00:28:19.864317,A vehicle was stolen from the parking lot in broad daylight.,30.058035,31.26941,Cairo,39,52,8,0.7189702033149037
261a2d5b-64d5-4ce1-9c50-4dd1224843e5,22908f35-0acc-4d54-a4f4-51b313299c24,Fraudulent transaction alert,2025-01-08 13:09:19.751956,2024-10-26 08:40:06.215054,Gunshots were reported in the area; authorities are investigating.,30.043654,31.208985,Cairo,6,22,9,0.38012335170229916
6cf1ca1f-ec25-4faf-9c1f-76adea7c2356,41652d76-1168-4200-99e3-f0e20d2fd520,Assault in busy market,2025-01-24 07:30:09.436388,2024-07-22 20:57:53.068795,A fraudulent transaction was detected at a major bank branch.,30.05272,31.229333,Cairo,48,52,10,0.8194837296122577
1cae735f-33e8-488e-aac2-62d630c8ba28,e9160b5e-5e8f-4e3e-a4d6-013fe864644c,Violent altercation in public,2025-01-28 08:22:30.277168,2024-09-01 08:53:36.256134,A resident reported an attempted break-in through the back door.,30.061191,31.201459,Cairo,5,10,2,0.5508701983366527
52c9e8a4-beca-4018-94f9-9abc941e33d8,379ada6b-6067-49db-8a8c-7202df5eedfd,Suspicious activity near park,2025-01-18 14:34:13.062767,2024-05-04 14:04:45.935619,"A violent altercation broke out at a market, causing injuries to multiple people.",30.05698,31.228981,Cairo,8,17,11,0.47341558669106154
66ac94f6-5452-4c2b-b929-26df0ae791ec,ae9c7e7a-fd9f-4a1b-98ca-c275bd9c42fa,Suspicious vehicle loitering,2025-01-13 09:11:00.647124,2024-04-25 18:57:33.600891,A suspicious vehicle has been seen parked in the same location for hours.,30.054539,31.263976,Cairo,11,18,1,0.6037744763048605
3421b7bc-a8c1-453a-9a41-ac30e9f52467,36ff26f3-57fb-4709-9367-7fedae915363,Robbery at local store,2025-01-16 08:04:11.555277,2024-10-17 05:33:56.201015,Authorities suspect illegal drug trade in an abandoned building.,30.059837,31.22379,Cairo,0,20,5,0.3167015034333189
65263914-f51a-43b6-9f16-5aa281ef6cba,90686c84-1b65-484d-8547-a74d1536a1c2,ATM skimming device found,2025-01-02 08:26:17.956658,2024-11-05 09:44:16.328358,An ATM skimming device was found attached to a machine in a busy financial district.,30.043235,31.225007,Cairo,28,30,0,0.8502506582463567
c777ecd4-0159-474f-8cb2-60c8627dd5f9,007dff22-63a1-495b-adb8-cdd32843f602,Illegal drug activity,2025-01-07 20:37:07.539074,2024-09-29 22:57:10.399944,Scammers have been targeting elderly residents with fake phone calls demanding money.,30.062818,31.244897,Cairo,21,32,7,0.6433784751852027
ceb47dc8-40e5-4f82-a0b4-083254113970,33a24d7b-ba3a-4fd9-a287-85dd9fa7093b,Car theft reported,2025-01-10 23:59:57.524434,2024-10-27 08:06:23.624090,A vehicle was stolen from the parking lot in broad daylight.,30.038639,31.203613,Cairo,50,58,12,0.8014743370813386
bbfdd28f-03c0-4a16-8e80-a61a59e45ec5,12b205fa-0016-41c4-93b5-3fa9f284e073,Illegal drug activity,2025-01-02 13:44:15.252753,2024-09-17 04:15:56.451745,Several walls and benches were vandalized with graffiti overnight.,30.04407,31.267395,Cairo,11,12,13,0.8367717406741043
5bcf1a76-947c-42c5-94a7-9d4f6209f87c,4874de46-6beb-486f-b814-d5fea18aa069,Car theft reported,2025-01-19 09:18:38.755244,2024-05-07 06:22:34.200107,Authorities suspect illegal drug trade in an abandoned building.,30.056216,31.234246,Cairo,2,11,14,0.34249830029524725
9d75fe6a-395f-46ed-8f6e-9101a567f331,5c116726-5e84-46d4-b1a9-4c0f03946fff,Home burglary attempt,2025-01-31 10:59:34.256088,2024-05-29 17:22:35.215010,A resident reported an attempted break-in through the back door.,30.051076,31.22326,Cairo,13,18,0,0.6904065763045568
b32cc789-c553-495b-a1cf-71ed04651076,2e13fc59-079c-4e3c-81f1-d250187886d1,Scam phone calls targeting elderly,2025-01-30 19:46:17.343099,2024-05-03 09:23:53.543270,"A violent altercation broke out at a market, causing injuries to multiple people.",30.037919,31.248464,Cairo,40,57,15,0.5855080115216005
5194da7b-7e19-4c4c-b39d-36909e0f564c,db39246c-72d2-403f-95ab-0fd6443bc4ce,Car theft reported,2025-01-27 13:09:57.761699,2024-07-14 12:30:29.502053,A pickpocket was caught on CCTV stealing wallets from passengers in the subway.,30.047092,31.230109,Cairo,34,44,16,0.7932537254197023
4e2ae50d-dec4-4006-bd30-d190864003c0,fa7c25b0-89b2-4ec1-aefa-8e2f0da72ceb,Illegal drug activity,2025-01-30 13:10:35.806468,2024-10-18 05:20:04.983319,Eyewitness reports seeing a person breaking into a store and taking cash.,30.049388,31.225537,Cairo,4,21,0,0.4337493386072244
4e5331db-6b33-47d8-99c6-b35718ce18ea,50605ac2-fbe2-4452-b310-68d2e33865b0,Firearm discharge reported,2025-01-26 14:39:24.187943,2024-06-26 02:43:05.999506,Eyewitness reports seeing a person breaking into a store and taking cash.,30.055114,31.268916,Cairo,25,35,17,0.6902866147919464
afcaaf4f-920f-4af2-b0f1-b0a0b1b865f3,0e49f263-0fca-4696-a9d7-26f4c96cb101,Home burglary attempt,2025-01-20 03:29:36.551816,2024-06-13 19:36:13.550002,An ATM skimming device was found attached to a machine in a busy financial district.,30.06348,31.230101,Cairo,6,7,14,0.7019831293706289
12fe2b22-af55-4bcc-97bd-3e2a1d2a813e,6a8a381f-1491-4c4e-8c07-66b4c784e658,Pickpocket incident in subway,2025-01-13 06:42:51.477226,2024-06-21 06:39:20.042387,Family members report a missing individual last seen near downtown.,30.044967,31.20968,Cairo,33,48,9,0.6153848420785376
12e63e51-fddc-4e91-b5b8-a746f168edef,12446ead-418d-41df-9683-8bbf8e86271c,Scam phone calls targeting elderly,2025-01-31 11:08:40.980898,2024-06-14 03:06:24.247981,Several walls and benches were vandalized with graffiti overnight.,30.060828,31.2008,Cairo,15,23,2,0.65086039837715
3ebd4106-ab6a-4b60-9a0b-3af164be4b3f,0f431041-3a3f-4876-b29a-3e8da4bbac50,Vandalism on public property,2025-02-01 05:12:40.078359,2024-08-21 12:05:20.340565,Eyewitness reports seeing a person breaking into a store and taking cash.,30.043773,31.202589,Cairo,23,24,12,0.8153769083308391
ad8f0ebc-12a4-48c1-9892-6c434b393898,a8eeafbc-f602-4474-ac75-a08cdf4430ee,ATM skimming device found,2025-01-15 02:49:36.955066,2024-08-02 04:08:57.589921,Scammers have been targeting elderly residents with fake phone calls demanding money.,30.055129,31.221298,Cairo,26,28,0,0.7809015367723535
986c025c-aafa-4b82-976c-10075d8bf0f2,abdeb001-932e-4170-8b0f-d77bb8b93ef2,Violent altercation in public,2025-01-16 07:24:03.245751,2024-03-01 21:51:36.040378,Scammers have been targeting elderly residents with fake phone calls demanding money.,30.044131,31.263075,Cairo,30,33,18,0.8502618467328088
cd3605b6-348a-4982-a9f1-bc08d652341f,54907aaf-6707-4620-909d-e90595549fc5,Scam phone calls targeting elderly,2025-01-17 19:16:44.892278,2024-08-06 13:50:41.270172,An ATM skimming device was found attached to a machine in a busy financial district.,30.055246,31.237702,Cairo,37,57,19,0.666034727747246
a97e7cd6-3150-44a1-8675-7ecc00d2c1d6,d94b1600-c671-427f-882d-d5be7450f06b,Missing person reported,2025-01-04 08:55:08.455830,2024-03-27 14:24:40.991582,Authorities suspect illegal drug trade in an abandoned building.,30.059463,31.24023,Cairo,19,39,20,0.5834797603291851
c766f95f-bd15-4715-8d7b-f32dd95b5e7b,e5d2058a-7b77-4bcb-96b3-9286ccd0be80,Assault in busy market,2025-01-19 19:08:02.731249,2024-03-08 13:11:14.233927,A pickpocket was caught on CCTV stealing wallets from passengers in the subway.,30.037814,31.2385,Cairo,43,61,21,0.6750546938112322
dca6d39f-6bf5-4938-8736-091bd0a0b74a,ae27b7d2-1d2a-41fb-85a9-8becdc3470e5,Car theft reported,2025-01-12 15:45:46.532269,2024-04-27 08:15:33.898309,A vehicle was stolen from the parking lot in broad daylight.,30.064305,31.228198,Cairo,29,49,14,0.63520008807008
43060c2c-5046-49e5-a887-6e9694a7d07c,922705ef-6da5-4eee-956e-91977717a7cd,Fraudulent transaction alert,2025-01-25 07:59:05.801455,2024-12-08 15:49:32.536942,A vehicle was stolen from the parking lot in broad daylight.,30.039262,31.200397,Cairo,49,64,22,0.7463730806096924
0b55c53d-6f55-41c8-ba78-6a0e73f46b27,ab5b0682-b0d0-4cf9-8a08-2ad760158466,Scam phone calls targeting elderly,2025-01-06 07:30:45.634170,2025-01-06 05:07:18.337450,An ATM skimming device was found attached to a machine in a busy financial district.,30.046955,31.211151,Cairo,10,25,9,0.5325735891044856
5fe9ae86-b1d6-4f70-aa72-68101a40b15b,8898cd23-3bb3-4f7c-928a-f64fae9842fb,Vandalism on public property,2025-01-23 10:26:49.346292,2024-03-04 04:54:22.931718,Authorities suspect illegal drug trade in an abandoned building.,30.048577,31.23618,Cairo,25,42,23,0.6260551361647809
e29b9e8a-4d96-4466-b912-3a38163794a1,fc627628-c5ad-4416-aff8-b66962fe8e03,Car theft reported,2025-01-11 21:31:50.556034,2024-12-19 00:05:56.559259,A fraudulent transaction was detected at a major bank branch.,30.054304,31.257681,Cairo,32,48,1,0.6860196905475471
ff79d9e2-b9fd-41d0-bf4b-94445a1fe350,393a6d06-87dc-4a1e-8bc9-956162625c01,ATM skimming device found,2025-01-22 15:44:53.439044,2024-05-24 05:34:12.297877,A vehicle was stolen from the parking lot in broad daylight.,30.044253,31.221375,Cairo,37,57,0,0.7240627799479752
ee4a7ef8-59e3-433e-a0e6-422644ac5021,9d04323d-da59-4ad4-8e79-deae932858bf,ATM skimming device found,2025-01-06 18:15:32.850968,2024-05-31 09:13:02.869999,A resident reported an attempted break-in through the back door.,30.042599,31.263307,Cairo,46,50,18,0.871011018299262
362ce9ad-8b24-45fa-a604-a6d9676d4927,7deb5a8f-6f0d-40c9-b248-b929e94efef1,Assault in busy market,2025-01-20 07:43:42.890836,2024-11-10 10:43:19.452408,A resident reported an attempted break-in through the back door.,30.063553,31.228388,Cairo,38,50,14,0.6898451634315763
cfbe15ab-a754-4dad-9a28-c578e7caa8f3,3ec516f1-034e-49db-ac78-6a608566faa9,Missing person reported,2025-01-27 00:32:58.534294,2024-07-14 20:48:46.612922,Authorities suspect illegal drug trade in an abandoned building.,30.045937,31.22042,Cairo,14,14,0,0.8161764227152161
7eb2ae9f-92c2-4677-8d73-2002f4bedb04,489f8200-ffce-4074-bd05-f82cf7562abe,Suspicious activity near park,2025-01-10 00:04:12.577874,2024-06-21 13:26:36.651176,Scammers have been targeting elderly residents with fake phone calls demanding money.,30.058326,31.237017,Cairo,48,53,24,0.8003560834984857
ef3d0660-d36d-465e-a888-89a9f2c802cf,c00cdfd3-9a2d-4bc9-82c6-12a83ba1643c,Firearm discharge reported,2025-01-20 23:46:59.374496,2024-10-10 23:49:00.891101,A brawl involving multiple individuals occurred in a crowded public space.,30.043345,31.216869,Cairo,5,24,0,0.3698079001470412
f32d1f00-dd9a-4b35-aab8-1f61e3fb0c2a,9f746af7-431a-4cc8-8f50-0328182f419b,Missing person reported,2025-01-24 10:01:50.380006,2024-08-07 18:39:52.877645,Several walls and benches were vandalized with graffiti overnight.,30.037919,31.259252,Cairo,13,20,18,0.6910174754223842
c00fd4e1-1c54-4444-b481-0d17f0a7b656,3a40ca4e-98e5-4ee7-9257-84816fe3bcb5,Robbery at local store,2025-01-04 04:37:59.798704,2024-10-10 15:53:30.861665,Authorities suspect illegal drug trade in an abandoned building.,30.052954,31.250928,Cairo,13,16,1,0.7963153921387756
58b7aed6-2502-43a3-86cc-6ef18768ab78,69a6fd83-05af-40e0-adb0-76af06ede6a1,Robbery at local store,2025-01-29 04:51:25.868182,2024-05-26 05:29:12.325863,An ATM skimming device was found attached to a machine in a busy financial district.,30.061792,31.238497,Cairo,8,22,25,0.4774940497251638
e713ffb4-97d2-4b91-b6be-75def42db2c0,460affd1-e432-4117-a2d4-b5000c0356c7,Fraudulent transaction alert,2025-01-26 23:41:31.781698,2024-11-20 05:40:26.532403,Authorities suspect illegal drug trade in an abandoned building.,30.047897,31.215106,Cairo,16,27,0,0.6263751243078238
e68ce804-ac62-43d6-bebc-17f40d2d25c5,072cdab2-9137-4a8b-9d04-a1fb90f2b74c,Vandalism on public property,2025-01-27 01:52:16.796611,2025-01-04 23:38:01.536884,A vehicle was stolen from the parking lot in broad daylight.,30.052221,31.260124,Cairo,44,47,1,0.8215165233063273
b3c875c5-cb6d-4a13-bb76-ec1d49174feb,a75f9786-2377-4aa4-ad3c-ef89bf337086,Robbery at local store,2025-01-07 17:51:19.543214,2024-10-09 01:48:00.439405,A resident reported an attempted break-in through the back door.,30.050604,31.237831,Cairo,12,23,23,0.5829243321367944
e087cac9-75e4-4b61-a026-b61da9609271,4c5ec788-f6b0-41bc-b7f0-16df7efd4c7d,Suspicious activity near park,2025-01-01 07:53:35.015639,2024-05-20 16:50:11.926010,A resident reported an attempted break-in through the back door.,30.059693,31.262361,Cairo,21,28,1,0.7274986055039908
f4725d03-1476-47eb-af10-be2f55b868b6,38bf3573-5d14-4fbe-a4ef-313fb640fbfe,Fraudulent transaction alert,2025-01-17 21:44:02.798745,2024-04-08 20:15:13.161740,Eyewitness reports seeing a person breaking into a store and taking cash.,30.05773,31.233671,Cairo,3,21,14,0.3328647401394447
47bb54a7-8012-4bea-91ae-b561b4e398ac,a517c87d-86f6-48cd-9849-5b38af8bc5cc,Car theft reported,2025-01-02 09:50:19.246683,2024-10-22 17:15:32.477114,A pickpocket was caught on CCTV stealing wallets from passengers in the subway.,30.057873,31.267901,Cairo,2,12,8,0.3353327918158248
eb611be3-e3a8-49d2-a775-83a718c67801,57a57f44-60ac-4c96-8091-3fbff21d5f90,Home burglary attempt,2025-01-22 23:18:09.484518,2024-03-08 01:35:05.224175,Family members report a missing individual last seen near downtown.,30.052906,31.257248,Cairo,36,37,1,0.9075251627986033
f996c110-008a-45a9-8162-c5f3d04cacee,75efcdef-1593-4a97-850c-09f683c91acd,Vandalism on public property,2025-01-23 05:59:38.159832,2025-01-11 20:22:59.013574,An ATM skimming device was found attached to a machine in a busy financial district.,30.048191,31.248093,Cairo,42,54,26,0.7648772613754612
6836796e-4941-4efb-9df6-681ed788cec9,b192f7af-47bc-4bd5-8394-1e094579649a,Car theft reported,2025-01-07 11:39:13.929591,2024-11-08 08:36:09.622512,A resident reported an attempted break-in through the back door.,30.046102,31.260704,Cairo,0,3,27,0.22051696635421375
d30ad6e2-587e-464d-be75-e3df0376fb82,f9f97ec2-7a7b-475f-b76a-78f08632f6aa,Missing person reported,2025-01-26 19:47:51.053602,2024-03-13 19:42:30.995285,A pickpocket was caught on CCTV stealing wallets from passengers in the subway.,30.051869,31.253261,Cairo,36,55,1,0.6350172659925629
d6f3b7d0-8f54-4d76-94db-e87992fc0b32,dd07520c-a681-4186-af77-cd81069a968c,Fraudulent transaction alert,2025-01-24 06:42:39.906765,2024-08-28 23:23:46.752017,A suspicious vehicle has been seen parked in the same location for hours.,30.040635,31.258455,Cairo,47,61,18,0.6613327146277743
70007314-7ba7-43b5-962c-40ce9b0015a7,1f3d9b9b-17ab-4f3a-9515-07c8e96efdc8,Illegal drug activity,2025-01-26 11:13:17.062335,2024-11-16 00:48:56.590730,A suspicious vehicle has been seen parked in the same location for hours.,30.05486,31.255169,Cairo,34,50,1,0.7121314268308392
951c238a-8cdf-434d-8a4b-e94a3c923a06,47615d34-cb5b-4bd9-a98e-f7dccbd34c46,ATM skimming device found,2025-01-04 07:02:17.305232,2024-11-25 23:44:58.091909,A suspicious vehicle has been seen parked in the same location for hours.,30.049513,31.250802,Cairo,31,42,26,0.7692483329836308
308cf131-ba9b-4099-83df-d90446f2b584,776ba3ea-ef04-457a-a11f-159ae5a8b8da,Missing person reported,2025-01-21 07:10:46.178420,2024-08-31 00:06:38.721606,Several walls and benches were vandalized with graffiti overnight.,30.059764,31.258229,Cairo,28,45,1,0.6752813808254704
5c538388-248e-483d-9904-7b5d68f4b4b7,15795e87-14e8-459c-a05f-da1209300e23,Fraudulent transaction alert,2025-01-29 08:49:24.530607,2024-07-31 16:26:15.479882,An ATM skimming device was found attached to a machine in a busy financial district.,30.062209,31.261068,Cairo,12,25,1,0.5951226279612851
89e9b499-3e4a-4fd3-be69-9adbbabe1d43,ed6a73fb-4acd-4fe6-a59b-6be78843b1bb,Firearm discharge reported,2025-01-29 17:51:30.027219,2024-08-31 21:31:06.807161,A suspicious individual was seen hanging around the children's playground for an extended period.,30.048454,31.218249,Cairo,37,55,0,0.6880175728983774
b5560625-4546-4c91-b63a-3869183404b5,f74f3bbf-5223-4dbe-b1f2-70b53dda38ee,Home burglary attempt,2025-01-15 10:08:56.278702,2024-07-04 06:46:58.913023,A pickpocket was caught on CCTV stealing wallets from passengers in the subway.,30.059585,31.206317,Cairo,23,42,2,0.5940923153809827
3c685354-b238-41e2-9e85-b8de0c8c9f2f,12b205fa-0016-41c4-93b5-3fa9f284e073,Missing person reported,2025-02-01 14:12:50.269479,2024-03-12 05:31:27.856408,A suspicious vehicle has been seen parked in the same location for hours.,30.045269,31.207284,Cairo,28,34,9,0.7532983055739648
2caaff93-1a9d-4ace-b225-016a5c9b2f9c,54514284-13dd-4d3e-bfd2-135667f73699,Vandalism on public property,2025-01-31 02:52:39.140987,2024-03-09 08:13:20.672504,A vehicle was stolen from the parking lot in broad daylight.,30.052378,31.242889,Cairo,30,38,28,0.8227983282644529
d77ff901-1993-4821-acbd-2ff528144e31,c7bef7b8-4ada-4286-9500-923b9a7500a4,Violent altercation in public,2025-01-02 13:09:03.630693,2024-06-27 04:17:46.829788,A brawl involving multiple individuals occurred in a crowded public space.,30.041903,31.20602,Cairo,32,35,12,0.8179231113389556
3884d417-7998-461d-b4a1-08ab2d96db5b,82b1e5ff-b546-49c2-859d-d9770ac27b78,Fraudulent transaction alert,2025-01-01 21:58:44.422353,2024-03-28 10:31:28.461888,A suspicious individual was seen hanging around the children's playground for an extended period.,30.039021,31.241321,Cairo,1,19,21,0.2546374882427516
a98bb565-bc94-4749-824e-3691e4ee73b7,479e116c-ef09-4f84-ac56-c3ba670d49bb,Home burglary attempt,2025-01-25 16:17:21.139164,2024-07-07 15:39:30.556574,A suspicious individual was seen hanging around the children's playground for an extended period.,30.047221,31.260862,Cairo,37,54,27,0.7086526424192836
53334f03-e301-4551-b25e-5073f5432d37,2ace964c-78e2-45de-8e2d-34001b4a92a4,Illegal drug activity,2025-01-13 08:24:27.621173,2024-10-31 20:01:52.854821,"A violent altercation broke out at a market, causing injuries to multiple people.",30.043277,31.255288,Cairo,29,36,29,0.7289219533820652
3f776cf4-8608-4f1c-bd83-0d58c1687e9a,2f821066-cc80-42b4-b153-a30acd9a1cd9,Car theft reported,2025-01-28 20:54:32.226314,2024-02-06 16:28:29.581785,A vehicle was stolen from the parking lot in broad daylight.,30.037879,31.260735,Cairo,24,38,18,0.591286880419778
043faa1c-32bf-4b1b-921a-caf7eab82c92,ea7b2d6c-276b-40d0-9706-923bb0dff542,Firearm discharge reported,2025-01-06 05:19:01.436461,2024-05-12 03:18:06.397273,An ATM skimming device was found attached to a machine in a busy financial district.,30.061015,31.256485,Cairo,39,42,1,0.8308737147326418
d71d4518-e15a-4108-9d5d-b77a4e433f13,412bd1ce-d702-4fed-9b35-2ad2c3b07b06,Home burglary attempt,2025-01-17 12:58:19.574153,2025-01-07 07:27:00.736166,A fraudulent transaction was detected at a major bank branch.,30.057502,31.254221,Cairo,26,39,1,0.6441596520054995
f6dd5602-ce0f-4f59-8e7b-8d9332b17b9c,744978ea-cf2b-4f6f-8180-691f5520e213,Missing person reported,2025-01-03 19:09:22.215878,2024-10-11 20:09:15.354436,Authorities suspect illegal drug trade in an abandoned building.,30.040309,31.215709,Cairo,2,9,30,0.3531611702827376
61279c5c-9902-429e-b191-e3f067f05762,a757f510-074d-4071-ace6-7fffa223681c,Suspicious vehicle loitering,2025-01-01 04:36:54.713435,2024-05-23 21:36:12.654304,A brawl involving multiple individuals occurred in a crowded public space.,30.057609,31.205644,Cairo,1,19,2,0.2866579236278694
334e7393-28b8-40d0-9d81-f3a3cd1d0741,dd07520c-a681-4186-af77-cd81069a968c,Robbery at local store,2025-01-21 09:31:11.129344,2024-04-15 01:55:34.047763,Eyewitness reports seeing a person breaking into a store and taking cash.,30.062625,31.257894,Cairo,14,29,1,0.571888398704361
99a15d3f-c6a9-4882-8dda-e85984687d38,ec40f575-e36e-47db-ad2c-c46b8a8ee85a,Car theft reported,2025-01-22 22:01:27.229485,2024-12-06 22:46:41.853853,A fraudulent transaction was detected at a major bank branch.,30.048329,31.267972,Cairo,31,35,31,0.8246723898181494
55a8b985-3ac4-49e5-8d6a-92c13487c1a3,db39246c-72d2-403f-95ab-0fd6443bc4ce,Violent altercation in public,2025-01-07 18:05:42.537614,2024-12-12 08:26:16.397562,Scammers have been targeting elderly residents with fake phone calls demanding money.,30.046288,31.205333,Cairo,1,11,9,0.3001824122141163
6614a80c-a9ea-4e60-b178-14028d32cecd,0bcd43f1-c910-41eb-aff3-76154680216f,Illegal drug activity,2025-01-29 13:53:43.246628,2024-05-16 11:14:42.373737,A suspicious vehicle has been seen parked in the same location for hours.,30.042084,31.247215,Cairo,1,18,15,0.226515034102521
5e79e63b-3340-41ca-8aa0-fe2c14515ab7,4eb6811d-21ae-4788-b123-71fac48ad134,Violent altercation in public,2025-01-24 19:55:45.870231,2024-11-30 12:53:33.812953,Authorities suspect illegal drug trade in an abandoned building.,30.060953,31.26481,Cairo,37,47,1,0.7794556668663555
7e8d8ace-5da4-47dc-9521-c5b51f1b129b,06a59c66-e079-4ec4-b24d-23f9dde872cd,Illegal drug activity,2025-01-06 06:58:00.482924,2024-04-24 09:19:22.238547,An ATM skimming device was found attached to a machine in a busy financial district.,30.041074,31.260569,Cairo,5,13,18,0.47452428870254926
fea16233-5192-4736-8f3b-e0cf6fa5572f,81c7ccdd-3ff1-46a8-af38-39d05e037190,Assault in busy market,2025-01-01 03:26:54.192149,2024-02-26 22:08:15.560574,A suspicious individual was seen hanging around the children's playground for an extended period.,30.05023,31.254126,Cairo,28,37,1,0.7265016796906585
d1119062-7778-4e1d-9ebc-288a826d8222,c145ec3b-be98-47bf-a6da-6652be4786da,Suspicious vehicle loitering,2025-01-03 10:44:31.481671,2024-05-17 18:41:40.605919,Several walls and benches were vandalized with graffiti overnight.,30.052966,31.222554,Cairo,30,44,0,0.7529120271118347
0d483fe8-c07c-44de-bb37-e048ee63384d,7fb7b951-6ced-4fff-bf94-193c20b41647,Suspicious vehicle loitering,2025-01-09 15:31:35.676130,2024-06-23 06:47:26.562680,A suspicious vehicle has been seen parked in the same location for hours.,30.0489,31.229357,Cairo,5,22,16,0.4433165906452331
98f53414-ab43-4835-b6cb-a4c0bcb1399f,5428e418-b044-49b0-aec9-d68a54116933,Pickpocket incident in subway,2025-01-18 11:53:33.148684,2024-08-18 21:38:27.155533,A suspicious individual was seen hanging around the children's playground for an extended period.,30.062238,31.232735,Cairo,22,35,14,0.6594433791341073
6ad83c11-198c-4b85-a1fc-1f9ea9b68364,6b6efca5-c966-4677-bb01-ebf9083a2795,Robbery at local store,2025-01-17 23:02:24.164323,2024-12-25 13:06:33.618027,A pickpocket was caught on CCTV stealing wallets from passengers in the subway.,30.062228,31.259317,Cairo,23,29,1,0.7585390521571551
1abbdcb1-2cb9-475c-86a3-39b2e79652fa,d709f6e5-2a68-4043-9cfd-461846f6f917,ATM skimming device found,2025-01-10 13:05:55.833464,2024-03-24 21:51:38.070514,A suspicious vehicle has been seen parked in the same location for hours.,30.064867,31.244035,Cairo,11,13,7,0.759216953965298
ab85999c-156a-48e2-940e-7e2d2365732d,16f32fea-9fdb-4325-aa04-7d31a645ea7a,Violent altercation in public,2025-01-03 20:09:54.858158,2024-09-06 04:27:53.798193,A resident reported an attempted break-in through the back door.,30.059548,31.214268,Cairo,49,56,2,0.8242604724885618
76872ab3-394a-42ad-8190-0e5a5b0893f1,136a95f7-8bbb-440c-b384-f3e72d165d47,Home burglary attempt,2025-01-13 12:29:58.532623,2024-11-30 17:58:35.280397,A vehicle was stolen from the parking lot in broad daylight.,30.054334,31.206688,Cairo,33,40,2,0.7376946543252384
f34b1170-4f66-4ecb-bd7f-2ed305ac5323,fc627628-c5ad-4416-aff8-b66962fe8e03,Car theft reported,2025-01-24 23:03:34.188049,2024-10-04 20:33:30.840623,Scammers have been targeting elderly residents with fake phone calls demanding money.,30.054231,31.208329,Cairo,50,63,2,0.7695236432890143
bbe3cfc8-36ed-47b3-ab28-9cc140b287f5,d94b1600-c671-427f-882d-d5be7450f06b,Suspicious vehicle loitering,2025-01-30 03:27:14.954664,2024-04-07 05:57:57.954652,A suspicious vehicle has been seen parked in the same location for hours.,30.059636,31.200453,Cairo,19,24,2,0.7337268524136829
d9cdbd70-2f9f-48de-9d01-31bf8e7fc6f8,83717f6d-cd85-4348-b1d4-527346aa1b00,Assault in busy market,2025-01-17 07:47:24.044422,2024-03-27 19:57:54.939973,Gunshots were reported in the area; authorities are investigating.,30.039293,31.241732,Cairo,8,22,21,0.41430900990909136
17f15947-8056-4296-aba3-300b6632f0e7,417fdb7d-bd13-4745-9bb2-301f30edf78b,Pickpocket incident in subway,2025-01-28 08:36:25.201306,2024-11-14 07:13:14.814146,Authorities suspect illegal drug trade in an abandoned building.,30.053326,31.208825,Cairo,27,29,2,0.8424096868487557
00e69fde-036f-402b-bb45-3a5b49198537,99e88208-ceea-4737-b538-359377111b1e,Scam phone calls targeting elderly,2025-01-01 06:23:47.813529,2024-10-24 11:19:02.967472,Several walls and benches were vandalized with graffiti overnight.,30.05232,31.217077,Cairo,41,44,32,0.8467041464279224
1110f0f1-55ac-4e8a-a54b-a15e2a73f89f,b1962d8a-a2c7-4a03-a35b-c0fdafa0b8a2,Suspicious vehicle loitering,2025-01-04 03:00:46.568825,2024-02-14 02:03:54.298507,A pickpocket was caught on CCTV stealing wallets from passengers in the subway.,30.039005,31.210668,Cairo,11,19,12,0.6029653900716966
ee8ddded-ee72-453f-a376-e3f5eec18d1f,6cfce00f-6058-49de-a3f3-cb92198c0af1,Scam phone calls targeting elderly,2025-01-06 06:47:42.990912,2024-06-06 17:04:26.008725,Eyewitness reports seeing a person breaking into a store and taking cash.,30.062855,31.264064,Cairo,37,43,1,0.7984489471818786
c3dfa4f4-4d09-44c3-9a5d-19ff4a5deb1a,c42b8ee3-371e-4bc4-bd9f-219b2664cb54,Illegal drug activity,2025-01-12 05:04:58.356363,2024-11-28 03:48:48.345576,A pickpocket was caught on CCTV stealing wallets from passengers in the subway.,30.054247,31.22304,Cairo,29,40,0,0.7432453666761036
63b81fa8-b3a3-48d9-afe4-6513a0e1d755,ef7f9368-0ca0-452f-9f39-a278b783e6b6,Vandalism on public property,2025-01-23 11:17:44.594599,2024-04-26 17:10:18.877507,A fraudulent transaction was detected at a major bank branch.,30.049268,31.216644,Cairo,37,56,0,0.6000545415179682
3f2f998a-e6e1-408a-9791-7cd9c3112f58,223f605a-4d0a-4e68-95a8-3ac297608579,Robbery at local store,2025-01-12 16:37:41.272445,2024-11-10 15:45:14.808585,Eyewitness reports seeing a person breaking into a store and taking cash.,30.047134,31.210492,Cairo,36,50,9,0.7324539729743189
daf7d679-04fe-41f4-b0bd-332d5bd7041d,79c7c803-9352-48d3-a7e9-ffbfab9a5824,Scam phone calls targeting elderly,2025-01-23 21:45:43.722102,2024-09-20 18:55:16.145573,A fraudulent transaction was detected at a major bank branch.,30.057865,31.252232,Cairo,31,50,1,0.6080502165738999
62408ccc-5a4a-43d5-86a5-ca971498bc3b,cbbfcab8-7efb-478a-bb32-3bf6fa2aa7b6,ATM skimming device found,2025-01-24 19:07:16.653329,2024-08-20 00:58:37.018479,A pickpocket was caught on CCTV stealing wallets from passengers in the subway.,30.040301,31.237961,Cairo,29,32,21,0.8333053239198255
665e4d58-3b07-414c-b8f3-5bb384c90c26,54304ebb-2571-4824-92d4-2299f8b8fe56,Suspicious activity near park,2025-01-20 02:18:55.130026,2024-12-29 14:26:58.010217,A suspicious vehicle has been seen parked in the same location for hours.,30.038159,31.205897,Cairo,18,21,12,0.7711752870893787
37e130d5-31c0-4ce6-86d5-8c2dd147f9a5,3d6943c6-9128-412b-a5e6-f8a6b4785509,Missing person reported,2025-01-28 18:18:28.356046,2024-08-08 22:56:04.942381,A vehicle was stolen from the parking lot in broad daylight.,30.060873,31.232317,Cairo,32,39,14,0.7582151939267444
d0de82ed-15c8-4008-ba8d-eda147675be1,862d0bf0-d432-4245-b90d-b63154d638c7,Missing person reported,2025-01-17 05:01:04.073705,2024-09-03 09:12:40.001690,Several walls and benches were vandalized with graffiti overnight.,30.049146,31.243156,Cairo,19,26,6,0.7043844560327274
5f55c7a3-0b89-49f2-a718-ece0738884eb,e2bb5be8-5b7a-4dbc-8f68-ba7bb1fbbb34,Violent altercation in public,2025-01-01 08:24:17.472759,2024-11-02 05:30:18.473660,Family members report a missing individual last seen near downtown.,30.059765,31.204649,Cairo,15,26,2,0.5914937665783059
47c9b3de-3839-431a-a533-16429e172c60,a75f9786-2377-4aa4-ad3c-ef89bf337086,Home burglary attempt,2025-01-29 06:04:08.940038,2024-07-09 14:48:57.773028,Scammers have been targeting elderly residents with fake phone calls demanding money.,30.057627,31.240192,Cairo,23,42,20,0.48436457247602827
8bbd7756-5956-49cb-bd3d-81749bf7c8c9,9d197cd5-71bc-4558-b541-88ffa31601fb,Scam phone calls targeting elderly,2025-01-26 05:23:06.134219,2024-10-28 02:57:38.058677,A resident reported an attempted break-in through the back door.,30.056657,31.256656,Cairo,0,12,1,0.21964121940861067
9aa5536b-9b9f-4a54-8494-01833a5248f4,ba73f5f4-05f5-4bd1-8ac0-2d8812893787,Pickpocket incident in subway,2025-01-10 07:10:34.082841,2024-09-13 20:25:57.939724,A suspicious individual was seen hanging around the children's playground for an extended period.,30.048341,31.218393,Cairo,20,20,0,0.8802203755672422
056663cb-ab92-4959-9483-21ec23220323,a3497105-d611-4964-9b46-1b49e78cba2c,Vandalism on public property,2025-01-10 12:08:30.406081,2024-12-17 00:29:09.291805,A fraudulent transaction was detected at a major bank branch.,30.046385,31.217458,Cairo,11,12,0,0.7636729963877233
8ef55ce9-2db1-4f7c-98dd-935f4b53c4c8,b79f5f72-e4e4-416c-acb1-89df32cc948d,Suspicious vehicle loitering,2025-01-02 09:03:14.512521,2024-11-16 12:42:14.034704,Eyewitness reports seeing a person breaking into a store and taking cash.,30.048586,31.224507,Cairo,38,38,0,0.8996805168765063
df30294f-06a4-49cd-8c9b-f9af9f11e3bf,15795e87-14e8-459c-a05f-da1209300e23,Pickpocket incident in subway,2025-01-13 15:07:27.565240,2024-07-18 12:40:32.138381,A brawl involving multiple individuals occurred in a crowded public space.,30.061572,31.255446,Cairo,21,38,1,0.6315754615974152
b807edfd-c6ba-4948-b4ae-372e60cb9b7b,0be7eca5-372f-41c5-a5ca-65500c9fdd76,Assault in busy market,2025-01-10 23:09:34.302400,2024-06-22 00:20:30.035445,A vehicle was stolen from the parking lot in broad daylight.,30.064816,31.224566,Cairo,49,53,33,0.8808865646700852
6d7ba63b-4a95-4824-bdef-4cc19528bc30,eecd42e1-4445-4320-bffa-f84d2ae6f6a9,Home burglary attempt,2025-01-02 13:37:35.786147,2024-11-09 20:24:41.444484,Gunshots were reported in the area; authorities are investigating.,30.056363,31.208806,Cairo,9,25,2,0.4292041911038438
82b22298-0b84-47ee-bb02-415cc80381b1,423a5053-b949-42d4-82d6-dc28ce190fa2,Suspicious activity near park,2025-01-26 13:50:51.511262,2024-04-05 03:56:44.018998,Several walls and benches were vandalized with graffiti overnight.,30.043277,31.224044,Cairo,50,62,0,0.7762141565894961
cb29319a-5b34-4c9d-9b0b-5d69266b81d6,6b6efca5-c966-4677-bb01-ebf9083a2795,Car theft reported,2025-01-04 10:57:01.762093,2024-07-09 09:45:35.587247,A pickpocket was caught on CCTV stealing wallets from passengers in the subway.,30.060287,31.233413,Cairo,9,17,14,0.5740999314754738
70816eb0-ec02-4b9a-986a-59ed6330c000,b1b9dd6e-38d5-4ffa-afc0-1d8672ce54a1,Car theft reported,2025-01-24 16:44:48.437360,2024-07-15 23:04:34.188886,Authorities suspect illegal drug trade in an abandoned building.,30.044346,31.219049,Cairo,8,28,0,0.3967135361475966
d204067f-129d-441b-be37-f964d154b91d,09cec076-41ce-4254-a2d4-511773e0bc29,Pickpocket incident in subway,2025-01-18 19:57:10.353609,2024-11-23 16:45:46.430801,A brawl involving multiple individuals occurred in a crowded public space.,30.054398,31.246605,Cairo,14,31,28,0.5465857229346028
41392621-9643-4346-8a00-ee9ccf9147b4,7c20d503-dc16-45b5-9350-821e8a3650a3,Illegal drug activity,2025-01-06 22:41:07.530104,2024-02-04 23:38:21.947438,Gunshots were reported in the area; authorities are investigating.,30.056141,31.232386,Cairo,12,18,14,0.6052733430024145
d3d2117a-2571-4fbb-93b2-822016cc05c1,bd5d9229-175a-43e5-a834-98abbe314b5a,Assault in busy market,2025-01-27 15:19:43.641408,2024-07-18 10:01:09.461545,Authorities suspect illegal drug trade in an abandoned building.,30.038778,31.208426,Cairo,45,52,12,0.7593251605606455
4d41bfaa-e553-40af-8ab3-177a8b3534b0,cb0ad378-8ee8-4513-a036-66968571993d,Violent altercation in public,2025-01-19 13:36:28.495207,2024-04-13 00:51:45.047554,An ATM skimming device was found attached to a machine in a busy financial district.,30.054145,31.211091,Cairo,45,53,2,0.8010676460909859
2af0a668-456b-4b18-bce3-b88a774edaea,f9056736-6292-4a58-a538-c65e20f62a0f,Assault in busy market,2025-01-26 16:32:28.420918,2024-05-09 12:21:44.149974,Eyewitness reports seeing a person breaking into a store and taking cash.,30.049971,31.208562,Cairo,9,19,9,0.547502174893879
2532ae38-9f7a-47c6-9750-a4aacc1c4632,47aea921-3282-4d81-849c-5accf921becd,Fraudulent transaction alert,2025-01-19 12:30:59.225004,2024-04-03 19:36:31.234569,A fraudulent transaction was detected at a major bank branch.,30.05854,31.232484,Cairo,13,16,14,0.796350192594609
42e22804-0988-4bbc-870a-8ece36ba280c,2e0d79e2-35b3-49d4-abde-4474fb061ad7,ATM skimming device found,2025-01-11 15:11:48.729683,2024-05-18 04:57:23.744707,Authorities suspect illegal drug trade in an abandoned building.,30.041372,31.223268,Cairo,40,45,0,0.7745978162434699
900a894c-dd10-417c-b068-77c7960f2da7,c2e23880-59df-462c-8a3d-0a202e6e972d,Vandalism on public property,2025-01-15 00:17:31.957736,2024-06-21 12:10:52.930295,A suspicious vehicle has been seen parked in the same location for hours.,30.056873,31.251364,Cairo,12,26,1,0.4956433000450773
d5b841ce-ec23-4633-bac8-be03b00c7637,5973edd3-5dec-40a4-baf8-26f888dc987d,Missing person reported,2025-01-06 17:53:54.014079,2024-02-22 12:51:24.783031,Family members report a missing individual last seen near downtown.,30.039465,31.21778,Cairo,40,53,30,0.776244788145774
e183056f-595f-4b02-8412-9a5b64fd00cb,8d16ebe8-e81b-4ef1-bcfc-f5b5cae8e128,Suspicious activity near park,2025-01-10 20:54:02.856565,2024-10-22 07:15:17.743026,A vehicle was stolen from the parking lot in broad daylight.,30.046513,31.237269,Cairo,27,38,23,0.7036103986336455
179c8834-dd7f-44f4-8747-f0bff9ae636e,b0bafe4a-2ef2-4f97-be82-8bb347f4b298,Pickpocket incident in subway,2025-01-10 00:37:35.591830,2024-05-16 07:58:01.030740,"A violent altercation broke out at a market, causing injuries to multiple people.",30.038006,31.248109,Cairo,33,52,15,0.6296413589877478
014eeed9-1aba-4808-b1b7-45a5c1f06394,f8b69492-c2aa-427c-acad-2ef3b7f390b8,Illegal drug activity,2025-01-09 22:58:00.814774,2024-12-17 03:09:39.362331,Gunshots were reported in the area; authorities are investigating.,30.053271,31.243268,Cairo,27,28,28,0.9144430821164876
b5dc40e8-a764-4cc5-93de-8c57131e7e2e,ac6e83f2-2fd4-4d10-b6f7-eff90791d07a,ATM skimming device found,2025-01-12 08:33:09.252896,2024-10-12 19:15:13.649220,A suspicious individual was seen hanging around the children's playground for an extended period.,30.061021,31.206982,Cairo,31,33,2,0.8787534077723624
45771359-a4c5-4416-9298-622a326bad36,bddbbd16-028e-4f00-a60a-313b9bdd993c,Pickpocket incident in subway,2025-01-28 02:38:43.698606,2024-05-09 17:43:27.687135,A vehicle was stolen from the parking lot in broad daylight.,30.064881,31.256445,Cairo,36,51,1,0.7231716425220928
106666e6-df16-4dae-b7ad-f68a126d8c97,4e7937aa-0059-47ab-805e-5005a31cc543,Scam phone calls targeting elderly,2025-01-17 01:50:56.112369,2024-12-29 08:36:54.953250,Several walls and benches were vandalized with graffiti overnight.,30.063234,31.200168,Cairo,16,25,2,0.6618215649772359
13e4e157-5e5f-4288-902e-c2183a27dd26,3601ca5a-dc95-41c9-ab30-48739107f6ac,Fraudulent transaction alert,2025-01-08 20:50:46.104631,2024-06-25 11:21:10.834911,A suspicious vehicle has been seen parked in the same location for hours.,30.053697,31.222106,Cairo,18,38,0,0.5995131755932789
180f4429-7ed5-49af-b5c7-dbbb4a9201a8,45eb8076-a293-4a00-86c6-6a9370b66a44,Scam phone calls targeting elderly,2025-01-21 13:30:55.357300,2024-12-07 17:58:08.348511,A suspicious vehicle has been seen parked in the same location for hours.,30.047595,31.269158,Cairo,1,7,31,0.3938302788601704
97fbb244-2484-4952-b165-783471c42479,3601ca5a-dc95-41c9-ab30-48739107f6ac,Vandalism on public property,2025-01-13 09:40:35.851481,2024-09-16 04:18:47.001496,A vehicle was stolen from the parking lot in broad daylight.,30.04134,31.203655,Cairo,32,49,12,0.7007995075527771
04ece6c5-45bc-46b9-982a-eb758c01ff7e,230b4cef-c4e4-4fae-a843-b562b07cd6d1,Scam phone calls targeting elderly,2025-01-20 09:12:21.808857,2024-12-02 00:53:10.905567,Authorities suspect illegal drug trade in an abandoned building.,30.063832,31.259167,Cairo,36,39,1,0.8422292162167428
37a3f2e7-8fac-4477-b956-25a4c3102b46,bb4dc909-34c6-4aeb-9691-f4240b8dd51c,Illegal drug activity,2025-01-14 07:17:56.691890,2024-03-29 14:11:32.878361,A vehicle was stolen from the parking lot in broad daylight.,30.047913,31.222303,Cairo,33,33,0,0.8661613376876535
48ca9546-0271-42d5-89bf-576d599d8604,05a9978e-0428-417a-a5c5-673036e56e85,Missing person reported,2025-01-13 00:01:02.130787,2024-03-31 17:12:01.517446,A vehicle was stolen from the parking lot in broad daylight.,30.051728,31.203007,Cairo,40,47,34,0.8455857862105749
e9505502-0b3e-4de7-8249-f9f2a26fbcd0,deb8527f-1f46-4d48-8e20-7663bad9658a,Assault in busy market,2025-01-31 16:49:00.802561,2024-10-10 05:36:44.717359,A vehicle was stolen from the parking lot in broad daylight.,30.041863,31.268777,Cairo,2,11,13,0.28912036440524175
520b4305-bb0e-4178-bbd3-c56ade0d4da8,eab6b306-67cf-4be0-9991-a21d5dfe6c68,Violent altercation in public,2025-01-05 05:11:43.881924,2024-11-04 17:53:44.631974,A suspicious individual was seen hanging around the children's playground for an extended period.,30.053876,31.258064,Cairo,42,43,1,0.827290458057464
f1fd998f-1d85-4e43-a989-0b85267186ce,38bf3573-5d14-4fbe-a4ef-313fb640fbfe,Pickpocket incident in subway,2025-01-20 10:53:26.250994,2024-12-10 07:42:15.869390,A resident reported an attempted break-in through the back door.,30.061061,31.261705,Cairo,23,29,1,0.7660391158902717
06fb7107-b21c-447c-b611-4d4a7f976ffc,5b4c4d3e-7677-4ce1-87a1-5b9d2a5dbbf5,Suspicious activity near park,2025-02-01 12:54:27.747387,2025-01-09 16:17:38.834046,"A violent altercation broke out at a market, causing injuries to multiple people.",30.059831,31.231068,Cairo,30,45,14,0.6521442103251868
c3eee4c8-ac6a-4ae2-b301-29325a04bc2d,554a7013-5a4a-4174-8e62-47120d3554aa,Car theft reported,2025-01-21 17:16:36.038109,2024-11-19 00:41:59.093596,A brawl involving multiple individuals occurred in a crowded public space.,30.061408,31.202664,Cairo,37,53,2,0.6461514266464397
6ce9a9b4-a3bc-44f8-bfa1-3cbaf7170bf1,24d9fe4e-94b6-4795-bbd2-ebdf825a80ca,Assault in busy market,2025-01-01 05:19:53.326519,2024-08-30 11:02:21.059536,Eyewitness reports seeing a person breaking into a store and taking cash.,30.059874,31.255243,Cairo,13,17,1,0.7564067931585455
aa7a5933-80dc-4e56-8a03-55cb6317c7e8,1241eaf7-a6a3-4ff7-b030-6313239b78de,Car theft reported,2025-01-06 07:13:47.717598,2024-07-09 10:35:54.953007,Authorities suspect illegal drug trade in an abandoned building.,30.061835,31.214656,Cairo,15,27,2,0.6184749020347694
aaf4fbe9-6de3-4e80-a917-66fffd895251,23235bd8-cee0-4edb-8c20-dc758b82d4d1,Fraudulent transaction alert,2025-01-26 14:08:21.053489,2024-06-02 13:03:38.829633,A fraudulent transaction was detected at a major bank branch.,30.049041,31.264148,Cairo,22,32,1,0.7321013782853458
fc9cb229-89e4-4857-a500-d0928d6512d8,6b37a11c-0be4-44de-9f0c-a8c051776004,Illegal drug activity,2025-01-24 05:43:20.923681,2024-06-02 00:36:39.439909,A brawl involving multiple individuals occurred in a crowded public space.,30.06064,31.204671,Cairo,45,60,2,0.7778171412475795
e1bbf051-be72-4ea4-9690-3e58878acc56,0519e0a5-623a-488d-b4b9-471d8dbf5cca,Car theft reported,2025-01-14 09:38:10.083687,2024-06-15 11:38:56.879886,A resident reported an attempted break-in through the back door.,30.045189,31.255544,Cairo,44,46,29,0.8955864670486714
3aba2e02-2e57-45c0-879d-0636e2942877,db39246c-72d2-403f-95ab-0fd6443bc4ce,Missing person reported,2025-01-09 21:27:06.485203,2024-08-02 03:03:27.766724,An ATM skimming device was found attached to a machine in a busy financial district.,30.051015,31.236123,Cairo,11,17,23,0.643221253762439
9fc35faa-9320-4a9d-a079-1c432c6759ff,661c3d0d-3dae-4f85-a561-e620966b4098,Firearm discharge reported,2025-01-25 06:00:09.815471,2024-02-08 01:09:39.004258,An ATM skimming device was found attached to a machine in a busy financial district.,30.05394,31.212636,Cairo,23,31,2,0.7406597436867792
d5b48001-e60c-4270-bd45-e91e657572f2,ced74b08-3964-4cbe-b6a0-3e466cb59231,Scam phone calls targeting elderly,2025-01-06 04:53:17.247798,2024-02-02 22:58:53.492876,A pickpocket was caught on CCTV stealing wallets from passengers in the subway.,30.048595,31.222886,Cairo,47,61,0,0.7733914166956737
7f10fd8d-0112-436c-a253-9f12a0e8457e,4c7eb01d-5d6b-4de3-afaa-d01421bd4001,Vandalism on public property,2025-01-08 00:15:38.970397,2024-12-23 14:28:18.332123,A vehicle was stolen from the parking lot in broad daylight.,30.051485,31.255794,Cairo,21,24,1,0.8612880020250554
2093ae07-60f1-4491-8d97-672e0a77f8d4,3441e104-74c0-46e2-a3cf-138c5ce94ffb,Scam phone calls targeting elderly,2025-01-10 01:43:22.759176,2024-08-16 05:27:15.509452,An ATM skimming device was found attached to a machine in a busy financial district.,30.043387,31.21875,Cairo,9,13,0,0.7162699270241144
5170bf11-70e4-41d7-a414-1dc24b09d431,57a57f44-60ac-4c96-8091-3fbff21d5f90,Suspicious activity near park,2025-01-10 13:28:55.094339,2024-05-01 04:48:20.370858,A vehicle was stolen from the parking lot in broad daylight.,30.054743,31.212985,Cairo,6,23,2,0.4092184276824276
73ec73a1-d44a-42ee-be89-5d458ea5f59b,7557596d-f400-468e-9331-b0de926d69f5,Illegal drug activity,2025-02-01 14:03:38.388390,2024-11-20 12:23:41.162226,A brawl involving multiple individuals occurred in a crowded public space.,30.04877,31.248733,Cairo,2,4,26,0.5253977282219199
d88b7845-fbc0-4322-9219-12ddbf01300f,148694d4-708d-4648-a67e-7476d09ed61c,Missing person reported,2025-01-31 14:07:00.295760,2024-02-05 20:45:21.553054,A resident reported an attempted break-in through the back door.,30.048561,31.241532,Cairo,8,14,6,0.5635589235326076
60984abb-2f98-4429-a80b-5f28a1bb8373,e26f755b-1675-4d4f-98a3-351d64a95e05,Vandalism on public property,2025-01-09 09:33:58.585143,2024-12-06 20:33:18.801830,A pickpocket was caught on CCTV stealing wallets from passengers in the subway.,30.063854,31.241058,Cairo,3,4,4,0.7043865772446284
b6a53d19-f3b5-460e-9193-eb50494c943a,48263a74-b692-4ce5-9465-cc1172e6c13f,Suspicious activity near park,2025-01-15 05:11:03.829262,2024-05-23 04:14:49.242858,A pickpocket was caught on CCTV stealing wallets from passengers in the subway.,30.040959,31.227572,Cairo,10,29,35,0.41859074296392434
ba5d05aa-2a73-4ed0-9b47-e3d5f5b1fc8b,3bf160d5-c715-4a81-a3d8-ca4f8d595f46,Violent altercation in public,2025-01-22 11:41:00.936262,2024-08-15 03:54:55.546833,Family members report a missing individual last seen near downtown.,30.039788,31.246314,Cairo,29,40,15,0.7495155703675309
d8207731-fa2c-4948-9447-34dedf951d1c,471ac1e4-dcc7-41f9-9904-375d5d843410,Assault in busy market,2025-01-25 06:42:59.580193,2024-10-06 03:25:12.895808,Gunshots were reported in the area; authorities are investigating.,30.055863,31.205023,Cairo,46,58,2,0.6542867705319148
01c7adae-0c45-4583-bd1a-1352bd5d873f,3220018d-c254-45c6-9a60-282e26ff90c1,Assault in busy market,2025-01-27 00:10:58.647342,2024-02-06 06:04:42.742152,A suspicious vehicle has been seen parked in the same location for hours.,30.039478,31.221486,Cairo,24,36,0,0.6103054131540966
939d0350-7ef5-40d1-b6e5-aa902e330661,a58fa1f5-e81d-473d-8598-1cb54ec04f7e,Scam phone calls targeting elderly,2025-01-13 12:32:47.716438,2024-05-07 23:49:28.129628,Eyewitness reports seeing a person breaking into a store and taking cash.,30.05798,31.268369,Cairo,37,54,8,0.6514015681437244
6a828735-76e9-44f2-81d0-a156535b54ed,6ef1fd4b-b20b-4e14-be72-148f04af3f06,Car theft reported,2025-01-24 03:57:36.860110,2024-10-10 23:02:53.716224,An ATM skimming device was found attached to a machine in a busy financial district.,30.055531,31.223883,Cairo,14,21,0,0.6537496613734592
13985df9-dae8-4aa3-98e8-e81b24cd55c1,5ffe6c10-e678-44ab-bea9-e7a281508d17,Missing person reported,2025-01-31 09:30:08.611818,2024-12-12 01:58:16.872143,A suspicious vehicle has been seen parked in the same location for hours.,30.055484,31.244505,Cairo,22,28,28,0.7624580066386705
3a79ce07-3d31-4ed1-8163-5802d5e9ff89,bd5d9229-175a-43e5-a834-98abbe314b5a,Pickpocket incident in subway,2025-01-05 07:33:10.242140,2024-08-03 22:15:11.605262,"A violent altercation broke out at a market, causing injuries to multiple people.",30.049114,31.241973,Cairo,22,28,6,0.6950108160020734
28b45e22-7550-467a-92c9-5634505e9120,213d42b7-d8a8-4671-919e-d728f1fe3dc2,Assault in busy market,2025-01-15 23:39:25.428448,2024-03-28 09:44:51.153714,Scammers have been targeting elderly residents with fake phone calls demanding money.,30.062835,31.220623,Cairo,50,69,36,0.7607495822144054
91c76de8-6ffb-4a36-9a12-d3a9dd1c0e4f,cc59f9e1-3595-42fa-bd5a-6bf608713723,Illegal drug activity,2025-01-23 15:14:09.611442,2024-05-22 07:36:47.963913,An ATM skimming device was found attached to a machine in a busy financial district.,30.042448,31.251691,Cairo,42,57,37,0.7215008842924178
14d7d788-6b90-4b82-9af7-798b1b49f01f,8eed7968-aea0-4141-8270-fd84059e690e,Suspicious activity near park,2025-01-28 14:08:52.252589,2024-08-20 23:50:24.521684,Eyewitness reports seeing a person breaking into a store and taking cash.,30.042487,31.26198,Cairo,45,63,18,0.7278388533182192
623dc1c4-72d3-4277-b26a-96570135be81,e591f173-ff54-48c0-bf9a-b928bc465b50,Suspicious activity near park,2025-01-31 11:44:17.776498,2024-07-26 20:36:41.723575,A pickpocket was caught on CCTV stealing wallets from passengers in the subway.,30.064328,31.230769,Cairo,33,39,14,0.8456566536450965
e0cea36c-df80-45fb-88d5-4320a62765ed,3ec516f1-034e-49db-ac78-6a608566faa9,Suspicious activity near park,2025-01-20 08:50:07.090835,2024-12-24 08:04:52.446435,A suspicious individual was seen hanging around the children's playground for an extended period.,30.056984,31.212313,Cairo,22,39,2,0.6016929939409661
32aa437c-0392-4579-9b4e-460b3869b6da,5d156848-e4fb-4417-bbf4-3b2db789810d,Suspicious vehicle loitering,2025-01-26 00:19:15.992016,2024-05-27 07:16:05.763241,A fraudulent transaction was detected at a major bank branch.,30.059013,31.25197,Cairo,43,46,1,0.8583338839626574
7b7f02a7-9500-49fe-978a-3656f97aadea,4b7e31c8-6346-41a1-bc38-a204a44b79ce,Car theft reported,2025-01-02 12:20:43.579302,2024-12-03 01:07:26.073468,A fraudulent transaction was detected at a major bank branch.,30.053523,31.262147,Cairo,35,54,1,0.6785508064385227
d7c055c4-d433-4feb-89d4-167ad214a947,2097efde-8ce9-4f7e-8291-ebd48ec64ce1,Firearm discharge reported,2025-01-10 02:34:28.245366,2024-08-16 12:39:55.657569,Scammers have been targeting elderly residents with fake phone calls demanding money.,30.05327,31.253376,Cairo,7,25,1,0.4254945243187674
b47bdcda-125b-49c1-9482-fec78e4d224b,f5ef193e-a5ef-44c9-9294-82509b85b067,Violent altercation in public,2025-01-27 22:51:31.910948,2024-10-07 07:04:54.226215,Several walls and benches were vandalized with graffiti overnight.,30.057168,31.216531,Cairo,23,34,3,0.6293408268721042
dde5de9a-81e8-464b-86a3-b49f4ddb7778,9e6be1a2-d16d-4ea6-a417-55c2a9b2f2ee,Illegal drug activity,2025-01-06 04:48:26.912730,2025-01-05 18:46:53.727071,"A violent altercation broke out at a market, causing injuries to multiple people.",30.061163,31.225152,Cairo,32,50,5,0.6209117371939576
e5448bd0-d0bb-4077-ab5b-4f05a8be8ac7,f6a460ed-047b-4c6f-ad67-f2abd202e4d4,Pickpocket incident in subway,2025-01-06 13:44:02.035268,2024-03-06 16:59:44.343940,A suspicious individual was seen hanging around the children's playground for an extended period.,30.051212,31.238592,Cairo,47,47,23,0.8854588965190895
464eef23-d94e-4d31-a637-0a5495315b9c,f5698696-3c64-4b3a-8eec-b528b293f9b8,Vandalism on public property,2025-01-18 22:55:51.145075,2024-07-21 07:13:01.336938,A brawl involving multiple individuals occurred in a crowded public space.,30.046303,31.205413,Cairo,27,41,9,0.705408834353741
39147231-a983-422f-b22e-2c010e7dc79f,eecd42e1-4445-4320-bffa-f84d2ae6f6a9,Fraudulent transaction alert,2025-01-20 19:56:46.336489,2024-02-11 16:00:59.648461,"A violent altercation broke out at a market, causing injuries to multiple people.",30.063976,31.26541,Cairo,13,15,1,0.7952360977259147
6a84fddd-fe54-4912-b0e3-8af1f7089afa,cd00bf22-60c4-45a4-a950-507f7fa9de80,Car theft reported,2025-01-26 16:43:47.922961,2024-05-22 10:10:37.108031,A brawl involving multiple individuals occurred in a crowded public space.,30.052312,31.222927,Cairo,39,39,0,0.9189019393920423
52372b7c-4fa4-467d-a169-c89e5d93794f,47615d34-cb5b-4bd9-a98e-f7dccbd34c46,Scam phone calls targeting elderly,2025-01-08 10:07:28.460604,2024-07-12 14:32:30.082438,Gunshots were reported in the area; authorities are investigating.,30.058357,31.257663,Cairo,46,52,1,0.8268809792873069
2b7d791f-2ff4-4c82-b29c-3546599b05b2,f43de19f-b643-442f-a03a-ce852588b7ff,Home burglary attempt,2025-01-12 08:26:36.040707,2024-06-11 22:15:03.012345,Gunshots were reported in the area; authorities are investigating.,30.057598,31.203851,Cairo,24,31,2,0.6618237664168519
ddfd4950-1abe-48a9-8aa9-86e05afbd253,5aacc36d-ba49-4582-8fa0-73ee21fa18d2,ATM skimming device found,2025-01-16 00:53:46.047392,2024-03-12 07:41:48.968137,Several walls and benches were vandalized with graffiti overnight.,30.049814,31.201162,Cairo,32,40,34,0.7391541664418968
feb7358d-d9f4-4b17-8893-297bc8353166,1f6fd83a-c270-41d9-a57b-cc5e68fca982,Violent altercation in public,2025-01-08 19:36:58.933692,2024-06-09 10:33:22.850685,Eyewitness reports seeing a person breaking into a store and taking cash.,30.040134,31.238721,Cairo,50,63,21,0.5927758807284664
38c3589c-ae3c-4df7-9f2b-6467750c44b6,10bd4cff-4cea-443b-8aa4-8fb411e27561,Firearm discharge reported,2025-01-16 10:42:53.926918,2024-09-30 13:21:35.245214,A vehicle was stolen from the parking lot in broad daylight.,30.046923,31.201931,Cairo,20,25,38,0.7280384752381677
22f1781b-a60f-4b13-85ac-6e1561d484b2,45dfce03-0f1c-4a73-bbba-9c41b2d75c80,Firearm discharge reported,2025-01-30 10:57:28.902480,2024-05-06 16:13:51.126122,A suspicious individual was seen hanging around the children's playground for an extended period.,30.038733,31.206908,Cairo,37,53,12,0.7089628966522042
d41211d1-3156-4136-8f12-5d7a9451240e,76801fd9-63f4-4c21-8c36-9667361112ea,Firearm discharge reported,2025-01-04 06:17:05.805922,2024-03-05 04:23:50.898100,Family members report a missing individual last seen near downtown.,30.05452,31.253843,Cairo,44,45,1,0.828713158167899
41f4a65f-34e3-4a80-9434-6f5e2546e2d8,6647f256-b735-40f9-a56d-27114786440c,Illegal drug activity,2025-01-16 22:19:30.195372,2024-07-29 12:18:44.798930,Gunshots were reported in the area; authorities are investigating.,30.038348,31.258472,Cairo,4,7,18,0.531882085046751
ae60ab79-1e66-4965-8991-cee5032ce99b,5b3e3c66-0f83-48fb-b70f-cde81069f5ee,Violent altercation in public,2025-01-22 07:05:49.517681,2024-09-09 09:47:54.638452,A suspicious vehicle has been seen parked in the same location for hours.,30.059498,31.20627,Cairo,14,33,2,0.5329763070464519
981a6e58-112b-4520-9e21-13dbb7a7e4ed,3fc26c83-c236-4bbc-afbf-6ffad0568ed0,Suspicious activity near park,2025-01-26 15:15:00.251420,2024-11-07 16:32:52.897892,A fraudulent transaction was detected at a major bank branch.,30.041728,31.23671,Cairo,0,2,21,0.10709595788865299
fad73b26-44b3-4f05-ad2b-a03caa31c4fc,56913495-631c-4ac9-aa00-82f3d2ef0eee,Violent altercation in public,2025-01-12 20:42:31.115826,2024-05-03 13:36:57.315361,A brawl involving multiple individuals occurred in a crowded public space.,30.050365,31.256453,Cairo,17,35,1,0.5061284014168356
2c88069c-73a4-4f82-8763-fc6a1c8d1b85,8c0332f5-de02-4882-9db0-2d88113dacde,Suspicious vehicle loitering,2025-01-26 06:13:44.750980,2024-08-24 05:25:12.538775,Family members report a missing individual last seen near downtown.,30.049593,31.208985,Cairo,25,45,9,0.6115873920802821
be2d3ff9-3b6e-4212-86af-394eb45c23ca,bb4dc909-34c6-4aeb-9691-f4240b8dd51c,Suspicious activity near park,2025-01-27 20:50:47.647315,2024-03-28 21:12:08.150647,Several walls and benches were vandalized with graffiti overnight.,30.048996,31.209327,Cairo,34,50,9,0.6852842506169263
b0707ea6-e99c-428d-bb68-b7bad410155d,fc292b00-ebe7-4c17-821b-b09c80535e6b,Firearm discharge reported,2025-01-31 18:46:43.877105,2024-06-23 06:29:58.526963,Gunshots were reported in the area; authorities are investigating.,30.054428,31.207489,Cairo,8,12,2,0.6996466200297441
860cff2b-8c9e-4f6b-8d55-3cbd264b8582,06312505-77cb-4b52-b230-e7fc4ce91b7c,Home burglary attempt,2025-01-14 12:20:14.258853,2024-11-20 11:18:10.677228,An ATM skimming device was found attached to a machine in a busy financial district.,30.062957,31.207578,Cairo,40,51,2,0.7412086486522018
7815d3ed-adbc-4dd5-a976-a2205f13e9f8,8d1f7816-b3bf-482b-97be-c82361211f98,Assault in busy market,2025-01-10 02:51:25.508327,2024-08-26 09:12:59.666374,A fraudulent transaction was detected at a major bank branch.,30.05146,31.264812,Cairo,45,61,1,0.7544724333046946
350f247a-d284-4e8a-9bb2-46e9f71d3ec4,5f378fff-6351-4d4e-89ad-a9c12aa2ec0f,Suspicious vehicle loitering,2025-01-31 02:12:09.123154,2024-12-21 20:05:09.143087,An ATM skimming device was found attached to a machine in a busy financial district.,24.439253,54.392923,Abu Dhabi,28,33,39,0.793852107847821
9401f997-aea0-4314-bed6-e05679b18314,c9f75fea-688d-454f-aa23-2633505cd75f,Vandalism on public property,2025-01-30 20:29:37.119804,2024-08-24 15:31:41.790518,An ATM skimming device was found attached to a machine in a busy financial district.,24.467808,54.398685,Abu Dhabi,14,33,40,0.4567643385927276
66048176-16c5-420e-9ddb-9a5f0fcebcca,4d8d95d7-4262-42c5-a99a-8f19c90fcf2a,Vandalism on public property,2025-01-08 05:06:08.965182,2024-11-11 13:53:04.879338,An ATM skimming device was found attached to a machine in a busy financial district.,24.468011,54.370829,Abu Dhabi,41,60,41,0.6341386913036499
635055be-44ac-4166-8d07-33bc566c939a,9d36f20e-239a-442c-afa3-7de0e4c72c35,Car theft reported,2025-01-13 00:44:30.707256,2024-11-17 03:37:40.772799,A suspicious vehicle has been seen parked in the same location for hours.,24.487555,54.370358,Abu Dhabi,8,26,42,0.459046095423792
2d11bc16-7dae-4116-8cf5-8458d9c3b87b,007dff22-63a1-495b-adb8-cdd32843f602,Suspicious activity near park,2025-01-30 14:12:01.834044,2024-12-23 19:17:07.439757,Authorities suspect illegal drug trade in an abandoned building.,24.426816,54.353329,Abu Dhabi,49,63,43,0.7993192570822677
4dd550cc-6af1-4dfd-8f46-31baf22fdfc6,c9f75fea-688d-454f-aa23-2633505cd75f,Suspicious vehicle loitering,2025-01-04 08:03:25.145489,2024-04-05 04:57:00.368199,Gunshots were reported in the area; authorities are investigating.,24.491737,54.388754,Abu Dhabi,35,37,44,0.8227510548122658
cc172d8b-4d56-4605-aac7-c6e3d38a15d1,29d6316c-395d-426d-9250-c9cfb618cf57,Illegal drug activity,2025-01-19 15:32:26.236574,2024-11-27 11:00:50.875499,Eyewitness reports seeing a person breaking into a store and taking cash.,24.467101,54.360547,Abu Dhabi,34,49,45,0.605699807207219
0253449b-0a59-49dd-b800-b2ae796eac44,25b302ba-0c7b-489e-913c-83c62c8b0550,Missing person reported,2025-01-27 10:16:24.375987,2024-04-26 04:30:53.853871,Scammers have been targeting elderly residents with fake phone calls demanding money.,24.451378,54.383708,Abu Dhabi,2,21,46,0.34589894402733184
08dfc6fb-e330-4e80-afb2-f8e53b9c0c56,c058137d-1e3d-4585-99a3-32bac68a9b35,Car theft reported,2025-01-12 01:54:47.882025,2024-11-05 07:28:07.276035,A brawl involving multiple individuals occurred in a crowded public space.,24.427144,54.375785,Abu Dhabi,17,17,47,0.8328297870891974
4657e3cc-2e54-489f-bcc6-1bdaaeb5d0ba,68caf9fe-159f-4daf-b3a9-773b9eb99668,Scam phone calls targeting elderly,2025-01-25 00:42:06.532764,2024-05-04 12:00:09.779087,Authorities suspect illegal drug trade in an abandoned building.,24.483486,54.356934,Abu Dhabi,14,22,48,0.6556409245098374
2e7a7551-7876-4803-a87b-52dd60e35b5e,27c001e1-dd40-4513-b15b-52fe43046f1d,Illegal drug activity,2025-02-01 16:11:04.088572,2024-03-06 23:16:23.019950,A pickpocket was caught on CCTV stealing wallets from passengers in the subway.,24.448684,54.376151,Abu Dhabi,30,34,49,0.8162833570446034
5ea3a1fa-07ef-47cb-9ca1-38077f3fb2a9,d709f6e5-2a68-4043-9cfd-461846f6f917,Illegal drug activity,2025-01-04 03:58:09.570926,2024-11-19 21:22:36.628615,A brawl involving multiple individuals occurred in a crowded public space.,24.465084,54.379058,Abu Dhabi,21,32,50,0.6438668850837931
d116c9ed-b511-4ecc-bb7f-5bfdc78ab0d5,1496dad9-1818-4ab2-9080-30087ba3f4d0,Violent altercation in public,2025-01-28 00:13:27.279342,2024-11-30 19:21:30.120125,A brawl involving multiple individuals occurred in a crowded public space.,24.466963,54.350831,Abu Dhabi,19,38,51,0.5593159331655821
0b2afc5d-6252-4499-ae4c-7023f4ae4aa0,7b4631c8-64ed-4c8f-8bf6-a585b6fefdaa,Suspicious vehicle loitering,2025-01-29 12:12:06.630699,2024-10-17 02:27:48.372308,Eyewitness reports seeing a person breaking into a store and taking cash.,24.441397,54.374109,Abu Dhabi,41,57,52,0.7156011322904586
e1068fab-68ed-4339-9764-7f678b661800,1bf9529d-87ef-425e-849a-7ccb6f76d9b1,Firearm discharge reported,2025-02-01 21:31:20.898630,2024-12-05 16:32:59.854816,Scammers have been targeting elderly residents with fake phone calls demanding money.,24.43652,54.372226,Abu Dhabi,38,45,53,0.8085608567533129
d7084c39-a19c-43f1-bf4c-9e647895ef42,f5698696-3c64-4b3a-8eec-b528b293f9b8,Suspicious activity near park,2025-01-09 23:43:42.626616,2024-05-17 01:53:19.431111,A suspicious vehicle has been seen parked in the same location for hours.,24.490766,54.363106,Abu Dhabi,10,23,54,0.5159514378635299
fb0035c0-310c-4426-ba84-78bb6476c4db,4fa17757-f116-49c0-8474-67d37f1a102c,Robbery at local store,2025-01-27 17:26:09.212750,2024-10-26 03:52:24.938623,Gunshots were reported in the area; authorities are investigating.,24.42996,54.385507,Abu Dhabi,47,57,55,0.8182928206450606
598f333a-ea8e-4202-8f06-b0a297dda5ca,2bb811e6-bcaf-4409-8bbd-74ae0b4fe7bc,ATM skimming device found,2025-01-06 09:11:22.584893,2024-11-06 22:06:50.799077,Family members report a missing individual last seen near downtown.,24.466071,54.363058,Abu Dhabi,0,13,45,0.17872336214844314
8b2b2423-38ef-4056-b3c9-0cf2536a7ffe,93ef11c9-8976-4b15-ad50-59ae31b8e299,Violent altercation in public,2025-01-24 01:37:17.627407,2024-11-15 06:07:50.208346,An ATM skimming device was found attached to a machine in a busy financial district.,24.499323,54.391009,Abu Dhabi,27,31,56,0.7458261588810144
6604cdcc-fbfc-4be2-9e49-ac75e07ca2f8,77e29b24-4165-499e-aad1-256381a0e89e,Suspicious vehicle loitering,2025-01-24 23:15:14.661279,2024-06-04 23:47:06.897599,Scammers have been targeting elderly residents with fake phone calls demanding money.,24.477126,54.374964,Abu Dhabi,36,50,57,0.7175515796284709
855dd44e-3e83-47fb-8a76-bd4c2cf76954,b1f60de0-d111-4853-a2f5-bfe44c65fa87,Assault in busy market,2025-01-17 19:07:17.131431,2024-12-10 12:34:56.462611,A pickpocket was caught on CCTV stealing wallets from passengers in the subway.,24.437704,54.353828,Abu Dhabi,45,53,58,0.7262435759349958
d7fecaf1-a14c-426f-992a-498386cd34ea,af3c4a8b-c206-4382-91ed-7ffe7fc5ba38,Scam phone calls targeting elderly,2025-01-28 10:42:39.034625,2024-11-24 08:19:42.033280,Eyewitness reports seeing a person breaking into a store and taking cash.,24.439999,54.383882,Abu Dhabi,23,32,59,0.6807761082497109
b77f1db8-af20-4b49-b2e9-fccaefeab2e8,73cd83c0-ae7b-4ecf-b7bd-6be971737f8d,Suspicious vehicle loitering,2025-02-01 13:40:29.310014,2025-01-17 03:38:54.083168,A vehicle was stolen from the parking lot in broad daylight.,24.444179,54.390845,Abu Dhabi,12,16,60,0.7593199597711032
48400ed7-a375-4e48-bead-22af8cbfa17b,16f32fea-9fdb-4325-aa04-7d31a645ea7a,Scam phone calls targeting elderly,2025-01-27 10:52:18.362012,2024-03-10 02:48:09.559969,Scammers have been targeting elderly residents with fake phone calls demanding money.,24.470482,54.363494,Abu Dhabi,13,27,61,0.5910503758295865
9db3e067-7afe-42ed-96f6-15d5e0052748,cfda339d-dc36-4055-a852-b73a3ca477c1,Suspicious activity near park,2025-01-04 22:39:12.320280,2024-04-21 15:24:06.338055,A suspicious vehicle has been seen parked in the same location for hours.,24.47493,54.396755,Abu Dhabi,0,13,62,0.21166078312137
e248dcc5-0e74-44c8-9aff-ac379cc287c5,76803e94-6115-4f1d-9007-865a0c38482c,Pickpocket incident in subway,2025-01-04 09:57:28.648280,2024-06-18 22:32:39.185922,Gunshots were reported in the area; authorities are investigating.,24.429724,54.375676,Abu Dhabi,38,41,47,0.8712335056700939
f9bcf2a9-01f6-4530-8a26-0809728bf884,b76913e0-8260-4588-91e5-153060ac66db,Scam phone calls targeting elderly,2025-01-11 02:56:59.753749,2024-10-08 20:50:32.758493,A brawl involving multiple individuals occurred in a crowded public space.,24.47439,54.386867,Abu Dhabi,20,31,63,0.6561444848840351
1059dd4c-bf14-4246-933d-dee3dfc334ab,ab57725a-2631-4ba2-b67e-ef75a90eb0ef,Illegal drug activity,2025-01-17 22:23:20.681870,2024-11-24 20:38:33.395491,A pickpocket was caught on CCTV stealing wallets from passengers in the subway.,24.481077,54.355977,Abu Dhabi,26,29,48,0.7632858846362153
ea0d1520-9917-4666-bfde-fd1c75d2d99c,70f20cc5-45af-4c29-895a-21f47c1582de,Missing person reported,2025-01-18 07:03:26.505909,2024-05-28 01:15:33.413244,A vehicle was stolen from the parking lot in broad daylight.,24.458275,54.363022,Abu Dhabi,49,66,64,0.6595094024357521
c1b24a95-05d9-4b71-9172-d1470ce10f2f,72b9e0f1-d41d-47b0-aa8d-f75e4d4baa59,Violent altercation in public,2025-01-13 02:41:38.499999,2024-09-03 02:16:07.544726,An ATM skimming device was found attached to a machine in a busy financial district.,24.444203,54.358037,Abu Dhabi,39,43,65,0.8322357520797574
cdaa3305-dcd6-4dab-8369-288129dcf87d,16f32fea-9fdb-4325-aa04-7d31a645ea7a,Violent altercation in public,2025-01-10 02:55:08.740170,2024-06-27 04:19:50.794982,"A violent altercation broke out at a market, causing injuries to multiple people.",24.456058,54.381488,Abu Dhabi,6,18,66,0.5514173089323713
fc8546c6-d8a2-4eab-95cf-bbf0bca1f6c2,94a65ea6-388d-4d71-a823-c8092c776c86,Missing person reported,2025-01-22 23:52:51.606387,2024-03-10 17:26:27.436042,Scammers have been targeting elderly residents with fake phone calls demanding money.,24.481238,54.374982,Abu Dhabi,17,19,67,0.8612149467195417
e45e8f29-68ff-47c7-b69c-50e288590515,6bd50091-8bc7-4b3a-9c25-3a8121df12d8,Suspicious activity near park,2025-01-25 23:17:13.309709,2024-05-06 19:39:37.130974,A pickpocket was caught on CCTV stealing wallets from passengers in the subway.,24.452656,54.391168,Abu Dhabi,38,51,68,0.6848426313829533
6cda19ea-0795-4306-815f-99bc628c356a,56913495-631c-4ac9-aa00-82f3d2ef0eee,Suspicious vehicle loitering,2025-01-25 02:43:30.417106,2024-12-12 06:38:14.509753,A suspicious individual was seen hanging around the children's playground for an extended period.,24.470765,54.364287,Abu Dhabi,14,26,61,0.5703615531006841
b2035cba-40ce-4da0-add8-219c16d59af3,e40fd99e-6c4c-478c-becc-eaf093ef7572,Fraudulent transaction alert,2025-01-11 06:27:47.849392,2024-05-19 15:41:02.211709,A fraudulent transaction was detected at a major bank branch.,24.472957,54.380918,Abu Dhabi,23,24,69,0.8332797079292731
0314f305-5f88-4cc0-8682-e9814a383c6f,91e8bb51-78a3-4976-8764-6cb4a89ab802,Firearm discharge reported,2025-01-15 02:57:35.039638,2024-06-03 21:47:28.681520,An ATM skimming device was found attached to a machine in a busy financial district.,24.441715,54.356023,Abu Dhabi,32,34,70,0.8661206344324551
f78e358a-d801-48bc-a00c-578a2050c709,c9d452b0-a7e9-4615-bd7f-64dea565e702,Suspicious activity near park,2025-01-05 16:54:36.977586,2024-11-14 23:41:44.480299,A brawl involving multiple individuals occurred in a crowded public space.,24.466525,54.391231,Abu Dhabi,19,31,71,0.6182619529602441
062bfcd6-f5b8-4fad-9267-97f650f8856a,58a06613-b660-4347-8e45-12ac8d0fc4e5,Firearm discharge reported,2025-01-28 00:30:24.376316,2024-04-18 09:22:42.979669,"A violent altercation broke out at a market, causing injuries to multiple people.",24.497116,54.353765,Abu Dhabi,34,53,72,0.5750273890631767
756a4ea0-a828-4fa0-8906-f4943fde428e,4d8d95d7-4262-42c5-a99a-8f19c90fcf2a,Pickpocket incident in subway,2025-01-16 23:11:20.679173,2024-02-23 08:13:15.289083,"A violent altercation broke out at a market, causing injuries to multiple people.",24.449166,54.399346,Abu Dhabi,22,36,73,0.5764889016212554
9461268a-70fc-4e5c-977e-2cfc63c4e571,683a8196-b4c0-4e1d-853b-e5b083b4f7c7,Vandalism on public property,2025-01-22 03:16:35.523762,2024-02-08 22:48:31.981429,A suspicious individual was seen hanging around the children's playground for an extended period.,24.493376,54.353572,Abu Dhabi,5,12,74,0.5077095628880113
946a6751-ecdc-43b7-b31b-bc9a604d4bd7,22908f35-0acc-4d54-a4f4-51b313299c24,ATM skimming device found,2025-01-21 23:30:22.146451,2024-09-16 04:53:11.878790,Several walls and benches were vandalized with graffiti overnight.,24.432143,54.385228,Abu Dhabi,24,36,55,0.665613565743532
ac820d3b-0751-4061-844f-0f54547f8290,74eb98dc-1cba-45ee-b38d-30ed0e064eba,Fraudulent transaction alert,2025-01-28 21:39:50.594278,2024-06-16 14:57:06.857698,A vehicle was stolen from the parking lot in broad daylight.,24.429021,54.354229,Abu Dhabi,34,46,43,0.7464542617035663
c0c14bc0-721e-4e43-88f8-5d37f77bafa5,3ee30fdd-1a0c-47f0-9f18-e5cf5cea1bca,Vandalism on public property,2025-01-19 16:05:25.122595,2024-06-02 20:42:54.384262,A brawl involving multiple individuals occurred in a crowded public space.,24.444984,54.398283,Abu Dhabi,27,40,75,0.6363669565383733
6b99e8cd-b3b3-42fc-b3b6-5c1949b6e15c,7867e255-173a-4bf9-8801-f0623ea312d4,Firearm discharge reported,2025-01-05 17:05:37.666995,2024-07-23 20:25:38.449850,Eyewitness reports seeing a person breaking into a store and taking cash.,24.47489,54.357454,Abu Dhabi,35,49,76,0.7142438539141065
e7e0acf8-509a-48aa-8470-525fa86d3217,3227c4f6-0bc6-4848-8931-74105673e051,Robbery at local store,2025-01-30 17:14:38.180045,2025-01-15 12:06:03.038751,Eyewitness reports seeing a person breaking into a store and taking cash.,24.449428,54.37047,Abu Dhabi,10,21,77,0.5462019953544945
24bbb1a3-a5a0-4519-a6ad-ead77b5e79b9,7390f83a-46c9-4e3a-8daf-8e02780f5ada,Robbery at local store,2025-01-31 15:08:30.939586,2024-11-12 03:14:44.167737,A suspicious vehicle has been seen parked in the same location for hours.,24.432383,54.362246,Abu Dhabi,5,17,78,0.4335130591200735
47189f91-6c91-4c85-95db-be178d9720f8,57b37662-3357-4439-beb2-ebc39159fdf3,Car theft reported,2025-02-01 14:22:27.662201,2025-01-09 03:49:00.707841,A suspicious vehicle has been seen parked in the same location for hours.,24.434404,54.358899,Abu Dhabi,21,33,79,0.6743455952461171
d4340e57-15b9-4c03-8da5-07ddfbcd72c9,c3fa1ccf-17cb-4281-a7d1-eed112b9d3a6,Pickpocket incident in subway,2025-01-08 22:14:55.534994,2024-12-26 15:59:15.752931,Gunshots were reported in the area; authorities are investigating.,24.474958,54.372804,Abu Dhabi,31,49,80,0.6920192037189445
d9f98e75-4485-4dcf-860a-7de09f715c74,89e2a739-464d-4eeb-b0fd-5bcf4d8e1f6e,Car theft reported,2025-01-29 03:52:01.150903,2024-02-25 11:02:45.952742,Family members report a missing individual last seen near downtown.,24.49068,54.375417,Abu Dhabi,9,10,81,0.8552450243037838
ca234407-a192-4e5f-a601-2a8dd42ec856,0cb7389e-ef18-49b0-9be3-8754c1aa0561,ATM skimming device found,2025-01-30 10:56:07.148821,2024-03-31 19:46:12.237627,Eyewitness reports seeing a person breaking into a store and taking cash.,24.427534,54.394344,Abu Dhabi,46,63,82,0.7041881108333152
